path,bytes,sha256,license,source
sesler/bendir/dum.wav,309628,73cd80dae81d897ca815487ab8f90e8345504468819b250ec655fc6a7403eef1,CC0 1.0,Freesound bendir_basicStrokes (Bendir) / FreePats World Percussion 2020-09-05 (all others)
sesler/bendir/tek.wav,234580,938e9017555b9b317c26b8ee007ba18462801867b683eb21b9a5a389f90e3d8a,CC0 1.0,Freesound bendir_basicStrokes (Bendir) / FreePats World Percussion 2020-09-05 (all others)
sesler/bongos/1_01.wav,98460,9314c33b566df41db1e24487ced9a377ff2b9013f6b9e0c780c258b99a0cfed7,CC0 1.0,Freesound bendir_basicStrokes (Bendir) / FreePats World Percussion 2020-09-05 (all others)
sesler/bongos/1_02.wav,75174,443eaf724e393942a892cfa0d08b48d5763bb04ff25d58128147e96c94e35eaa,CC0 1.0,Freesound bendir_basicStrokes (Bendir) / FreePats World Percussion 2020-09-05 (all others)
sesler/bongos/1_03.wav,72456,5eab67cf853ddc894a9f7e6a4df53fba7d94f928a36dab56a1d28989fbe56168,CC0 1.0,Freesound bendir_basicStrokes (Bendir) / FreePats World Percussion 2020-09-05 (all others)
sesler/bongos/1_04.wav,73040,7ea8b2ccc287ec00043a4751734308567e168174078fd55b950ffa17f00819fc,CC0 1.0,Freesound bendir_basicStrokes (Bendir) / FreePats World Percussion 2020-09-05 (all others)
sesler/bongos/1_05.wav,76634,412e55a9032f37c1145ed2481e3b470aa7828346ce45a30cfe4c94cd3c8c1a14,CC0 1.0,Freesound bendir_basicStrokes (Bendir) / FreePats World Percussion 2020-09-05 (all others)
sesler/bongos/1_06.wav,62948,b5d35a8406621df1279164e5f4da520185888fc63fc0944d23e77d0590060f21,CC0 1.0,Freesound bendir_basicStrokes (Bendir) / FreePats World Percussion 2020-09-05 (all others)
sesler/bongos/1_07.wav,64830,185db6ccef01e6cfada212e11f261ebcabe914f16d5cd2135824eedcd740cba4,CC0 1.0,Freesound bendir_basicStrokes (Bendir) / FreePats World Percussion 2020-09-05 (all others)
sesler/bongos/1_08.wav,63470,2a12af4eae7958196b59682c653ce740e9bf9cb3c75a8e060c636e3b3108917a,CC0 1.0,Freesound bendir_basicStrokes (Bendir) / FreePats World Percussion 2020-09-05 (all others)
sesler/bongos/1_09.wav,60356,ffe8ce7d1d681fe5c019dfdd520e27f87f4f137a66f992f15f9616b1fd8ffc1f,CC0 1.0,Freesound bendir_basicStrokes (Bendir) / FreePats World Percussion 2020-09-05 (all others)
sesler/bongos/1_10.wav,50826,b638289c3e1d2cc462c52d9e1ba1a3b9d9b2274342eb1094080e039378f03a0d,CC0 1.0,Freesound bendir_basicStrokes (Bendir) / FreePats World Percussion 2020-09-05 (all others)
sesler/bongos/1_11.wav,47954,f7a652b4e79c869d6f1c06b350bcb412d9981e1a514f7240616c904839efb55c,CC0 1.0,Freesound bendir_basicStrokes (Bendir) / FreePats World Percussion 2020-09-05 (all others)
sesler/bongos/1_12.wav,45864,0df23820dc8b22eeadf3c5ee8f55600697571c7ca79a1f0192200cffa998a7a1,CC0 1.0,Freesound bendir_basicStrokes (Bendir) / FreePats World Percussion 2020-09-05 (all others)
sesler/bongos/1_13.wav,60648,951b669b8bb66aacf8770e873a5c0aafcc4fbc7d259d313a9cdd45809057cb1c,CC0 1.0,Freesound bendir_basicStrokes (Bendir) / FreePats World Percussion 2020-09-05 (all others)
sesler/bongos/2_01.wav,73508,7a1fc4396f0c8ccf87e8f4999a1641666d37fa967a5aab2131635bf1dfb1db85,CC0 1.0,Freesound bendir_basicStrokes (Bendir) / FreePats World Percussion 2020-09-05 (all others)
sesler/bongos/2_02.wav,72500,4c32374327fbd48b8fceaf71222ed28e6e92f11ae7a72ffbcedeb5900454f853,CC0 1.0,Freesound bendir_basicStrokes (Bendir) / FreePats World Percussion 2020-09-05 (all others)
sesler/bongos/2_03.wav,75980,9b516855d4b1b0b438989d7012da5d121bf416db5321e352b7d11676dd6ca267,CC0 1.0,Freesound bendir_basicStrokes (Bendir) / FreePats World Percussion 2020-09-05 (all others)
sesler/bongos/2_04.wav,71528,d6edadd5429f5c191d14ccbf9f1988ea145534703fd7ebc40169daaacf03969b,CC0 1.0,Freesound bendir_basicStrokes (Bendir) / FreePats World Percussion 2020-09-05 (all others)
sesler/bongos/2_05.wav,67974,22baf0eaf5ef0bccffa0a62c27bf9ab8fe11e2610ba3c7ef6aa4489350c6c068,CC0 1.0,Freesound bendir_basicStrokes (Bendir) / FreePats World Percussion 2020-09-05 (all others)
sesler/bongos/2_06.wav,75302,1123a06d0ddb4874d300fe38d8eca269059c3b14b3e73a389496da2dfc5dcd53,CC0 1.0,Freesound bendir_basicStrokes (Bendir) / FreePats World Percussion 2020-09-05 (all others)
sesler/bongos/2_07.wav,71724,23a467910f10f3fefd6f39932e7386221148e3dd7b51a8eb813750d15b87b54b,CC0 1.0,Freesound bendir_basicStrokes (Bendir) / FreePats World Percussion 2020-09-05 (all others)
sesler/bongos/2_08.wav,51164,072b9a17ca8317ef0abc2d125b057932e78fe3a947b8e8ce08a77fc0790a23ca,CC0 1.0,Freesound bendir_basicStrokes (Bendir) / FreePats World Percussion 2020-09-05 (all others)
sesler/bongos/2_09.wav,63498,08a70419cbe9f35cf4604d9234b6040e0f1481aa4e8ba78d44c482a76e544bbe,CC0 1.0,Freesound bendir_basicStrokes (Bendir) / FreePats World Percussion 2020-09-05 (all others)
sesler/bongos/2_10.wav,82764,a9a0188c2e02932b5b35110aaa3aa0230ac878bd203d8edaf36869d923146641,CC0 1.0,Freesound bendir_basicStrokes (Bendir) / FreePats World Percussion 2020-09-05 (all others)
sesler/bongos/2_11.wav,81996,73b5175ebbcf953fb1947778d40ca8b39c708e503e31c0c723986d82e06829b8,CC0 1.0,Freesound bendir_basicStrokes (Bendir) / FreePats World Percussion 2020-09-05 (all others)
sesler/bongos/2_12.wav,99104,5fad964a0e1c7cacd74724b08fe513c6dd2eec71a6d24cbcb03b4a0e96837116,CC0 1.0,Freesound bendir_basicStrokes (Bendir) / FreePats World Percussion 2020-09-05 (all others)
sesler/bongos/2_13.wav,78516,939ea4f4bdf84ed9a7f3ec8cd16fff78c7e1c927f40a6e7f28c8b61b2c11d683,CC0 1.0,Freesound bendir_basicStrokes (Bendir) / FreePats World Percussion 2020-09-05 (all others)
sesler/bongos/2_14.wav,80606,bd8ffd11df658b70c6b1834c64377c3f6cef3889fa3be121e2dbda2400d4fac4,CC0 1.0,Freesound bendir_basicStrokes (Bendir) / FreePats World Percussion 2020-09-05 (all others)
sesler/bongos/2_15.wav,73398,037fa95b4f4b24468ea89e050d520faacfc36cb54e151ae653b5ed9b6bd89500,CC0 1.0,Freesound bendir_basicStrokes (Bendir) / FreePats World Percussion 2020-09-05 (all others)
sesler/bongos/2_16.wav,66606,fada4a62b9adc0a7040758b5c103c497d507872b46bcb16bfbf3134ff5e520f9,CC0 1.0,Freesound bendir_basicStrokes (Bendir) / FreePats World Percussion 2020-09-05 (all others)
sesler/bongos/2_17.wav,94712,7ced9ddba085c41e992b2d53ae495b668de4aafaf69e19ab88aaf05ad961935b,CC0 1.0,Freesound bendir_basicStrokes (Bendir) / FreePats World Percussion 2020-09-05 (all others)
sesler/bongos/2_18.wav,48006,4c950326d89f75409a7838c486d317df679e708e193bc4b4630068e2d9df1ec8,CC0 1.0,Freesound bendir_basicStrokes (Bendir) / FreePats World Percussion 2020-09-05 (all others)
sesler/bongos/2_19.wav,38862,34285bdb54011c05551fae5a07b8716052b46d5c3d34fd7add8bdf40d0719033,CC0 1.0,Freesound bendir_basicStrokes (Bendir) / FreePats World Percussion 2020-09-05 (all others)
sesler/bongos/2_20.wav,67232,ea07ae8ac37cd6e0de68514cfa20942e524f20595513e79a36105fb9b2b0c31c,CC0 1.0,Freesound bendir_basicStrokes (Bendir) / FreePats World Percussion 2020-09-05 (all others)
sesler/cajon/101.wav,55842,0889b3fcdb23d0e71783d1b8473ae5e11ada02f14735f203b90bb2e1e7e54d8a,CC0 1.0,Freesound bendir_basicStrokes (Bendir) / FreePats World Percussion 2020-09-05 (all others)
sesler/cajon/102.wav,52602,ede83ce5b690380fa822781cd4a1f8f78fd58288df2b4172f67c1c9b91070754,CC0 1.0,Freesound bendir_basicStrokes (Bendir) / FreePats World Percussion 2020-09-05 (all others)
sesler/cajon/103.wav,44892,e5fda8c38dfa1f30e5cd456ea2cb808a84078cb3b20c41258b1263c1ee9e877d,CC0 1.0,Freesound bendir_basicStrokes (Bendir) / FreePats World Percussion 2020-09-05 (all others)
sesler/cajon/104.wav,75524,88f3d9eeef63e64044cd151b6ce92a68d870e09e04a0100134615f1741acc6d9,CC0 1.0,Freesound bendir_basicStrokes (Bendir) / FreePats World Percussion 2020-09-05 (all others)
sesler/cajon/105.wav,57282,e8d08eb225c4567d6d22f253c34335f81e7b658b59075a654437ead687911c12,CC0 1.0,Freesound bendir_basicStrokes (Bendir) / FreePats World Percussion 2020-09-05 (all others)
sesler/cajon/106.wav,54066,c8c922ef72e15984caaff683eddffb04a5b5366ca112cce5f2ec6145e1805c6d,CC0 1.0,Freesound bendir_basicStrokes (Bendir) / FreePats World Percussion 2020-09-05 (all others)
sesler/cajon/107.wav,54692,56c10131d1e2c5f891793d7397c5b7e8cbc75b0de1b937837b1078e2e7a3b7b1,CC0 1.0,Freesound bendir_basicStrokes (Bendir) / FreePats World Percussion 2020-09-05 (all others)
sesler/cajon/109.wav,65958,0f7cb8902c13976306fad3dbed275e87b0bd8f09da341c9c56cb2fb46d6cab99,CC0 1.0,Freesound bendir_basicStrokes (Bendir) / FreePats World Percussion 2020-09-05 (all others)
sesler/cajon/110.wav,73604,f01df1e46f348632fc5b55430d741da806e4e313a9ea2e75666d7d80ce97adc2,CC0 1.0,Freesound bendir_basicStrokes (Bendir) / FreePats World Percussion 2020-09-05 (all others)
sesler/cajon/111.wav,57410,d730aa50f511801f714a8f92945b33ff39e0f752052208102122e8542cf241d7,CC0 1.0,Freesound bendir_basicStrokes (Bendir) / FreePats World Percussion 2020-09-05 (all others)
sesler/cajon/115.wav,56262,1f27dd717b14244c87199319bd5b458fc6f22ca4f622fe1e384918f9905206f3,CC0 1.0,Freesound bendir_basicStrokes (Bendir) / FreePats World Percussion 2020-09-05 (all others)
sesler/cajon/201.wav,47796,ca0072b021e4f16443d32b5ea1aab7baf32b3b40ae9ff244376fb37cecb83392,CC0 1.0,Freesound bendir_basicStrokes (Bendir) / FreePats World Percussion 2020-09-05 (all others)
sesler/cajon/202.wav,55214,39e990f83da188738fd6ff73a766b368da510c4e582f701095ef235b620db79e,CC0 1.0,Freesound bendir_basicStrokes (Bendir) / FreePats World Percussion 2020-09-05 (all others)
sesler/cajon/203.wav,54014,b10d5ddd1a30cdf2a7ae747be2f26778f949ee137fc165bb0b81b3bb030b6250,CC0 1.0,Freesound bendir_basicStrokes (Bendir) / FreePats World Percussion 2020-09-05 (all others)
sesler/cajon/204.wav,50724,e4c078e7d94e2e98bc3a980e415e1136704b33270653f0edaa1949e0e36162c4,CC0 1.0,Freesound bendir_basicStrokes (Bendir) / FreePats World Percussion 2020-09-05 (all others)
sesler/cajon/205.wav,49992,e5c40c1d0202ffe274ea7e20562760ea62cc28b6a0b4842834f5f5a8c9fdaee4,CC0 1.0,Freesound bendir_basicStrokes (Bendir) / FreePats World Percussion 2020-09-05 (all others)
sesler/cajon/206.wav,56468,47d4796a6d92f43b38c27f304bac8e21762fd2c445075a31a57e72de49e6cc21,CC0 1.0,Freesound bendir_basicStrokes (Bendir) / FreePats World Percussion 2020-09-05 (all others)
sesler/cajon/207.wav,43512,004b227bbb2b8ad0662aea7a8d3c0d3daf0200b0cd3cb8148b9cc4a2709237cc,CC0 1.0,Freesound bendir_basicStrokes (Bendir) / FreePats World Percussion 2020-09-05 (all others)
sesler/cajon/208.wav,51872,c27240fb6eeceaf4ee353161f7b748a3eaa4d1347587976a702bbbbd0cf0e1e7,CC0 1.0,Freesound bendir_basicStrokes (Bendir) / FreePats World Percussion 2020-09-05 (all others)
sesler/cajon/209.wav,56262,772b930b3bfddb4242cc5de6f8a3bfbe02fa43e17086bb1173a46a8fac678736,CC0 1.0,Freesound bendir_basicStrokes (Bendir) / FreePats World Percussion 2020-09-05 (all others)
sesler/cajon/210.wav,53648,0a1e899d6b51b7f4eea74c02b7c9d0c05c766859764aa8133be73a13af2189c3,CC0 1.0,Freesound bendir_basicStrokes (Bendir) / FreePats World Percussion 2020-09-05 (all others)
sesler/cajon/211.wav,47378,dce3eee5d833891d56f86050a8faa2c0dfff302f5e3422e0999aab0013a371ba,CC0 1.0,Freesound bendir_basicStrokes (Bendir) / FreePats World Percussion 2020-09-05 (all others)
sesler/cajon/212.wav,44138,24c121efa86ca556ae76b1cda900430cfc9bd72fc4e4e763abb6ee59b3538205,CC0 1.0,Freesound bendir_basicStrokes (Bendir) / FreePats World Percussion 2020-09-05 (all others)
sesler/cajon/214.wav,43094,10077faf9c5a3949634f7dc995d936f6a50f6f03b75ec2cac8556b0b11fcc0dc,CC0 1.0,Freesound bendir_basicStrokes (Bendir) / FreePats World Percussion 2020-09-05 (all others)
sesler/cajon/216.wav,55320,a233a9d6bbd048ec42b6f40cd40ef0003d5bca1134d8f663ff40b6d2e79cb69c,CC0 1.0,Freesound bendir_basicStrokes (Bendir) / FreePats World Percussion 2020-09-05 (all others)
sesler/cajon/217.wav,41946,cb49e3b891ee4525157aaf8d7aeae3ec37c1ab959b7ab7a4926c561dcac83093,CC0 1.0,Freesound bendir_basicStrokes (Bendir) / FreePats World Percussion 2020-09-05 (all others)
sesler/cajon/218.wav,50460,fe903287e1605519549e1b8331e86e986a1aec520c986b43d6912ac589530295,CC0 1.0,Freesound bendir_basicStrokes (Bendir) / FreePats World Percussion 2020-09-05 (all others)
sesler/cajon/219.wav,57512,688c51a26fdbbd47dd0db52b246fa7c97bec8423fd948345595343053f6c3e62,CC0 1.0,Freesound bendir_basicStrokes (Bendir) / FreePats World Percussion 2020-09-05 (all others)
sesler/cajon/220.wav,29916,53a6785ca3d0d7804e5ae85cce42590d632a845a72d5f2d93adb69b4cd0e2ea0,CC0 1.0,Freesound bendir_basicStrokes (Bendir) / FreePats World Percussion 2020-09-05 (all others)
sesler/cajon/221.wav,51558,ce0039c9f19f36023b369975e6352d6d44f3c4aea04315c6bea614843e5ebddd,CC0 1.0,Freesound bendir_basicStrokes (Bendir) / FreePats World Percussion 2020-09-05 (all others)
sesler/cajon/222.wav,70368,f7a9ad9438ba804b68d4f5ca98eaed83ed7f4d496c9359cb3ac32a451bbbdc56,CC0 1.0,Freesound bendir_basicStrokes (Bendir) / FreePats World Percussion 2020-09-05 (all others)
sesler/castanets/01.wav,44243,b4059d3e44a13f338af3016d58b4ae2b0ab5c4a9ff5309caeabfcc728a2e7b88,CC0 1.0,Freesound bendir_basicStrokes (Bendir) / FreePats World Percussion 2020-09-05 (all others)
sesler/castanets/02.wav,38393,2a7d0edafaa7459b8763d6a31e5f9b8368c66fe74098756de246a342e510bac8,CC0 1.0,Freesound bendir_basicStrokes (Bendir) / FreePats World Percussion 2020-09-05 (all others)
sesler/castanets/03.wav,41108,72d9b24c39fb5c7f47e5b0aaf3ac1da02a78eb190956b5de6bc11bd4baa08823,CC0 1.0,Freesound bendir_basicStrokes (Bendir) / FreePats World Percussion 2020-09-05 (all others)
sesler/castanets/04.wav,43826,fb9b8f504e0e9f571a286a4cf311ab373736396cedfd6f77c8585f32ac756160,CC0 1.0,Freesound bendir_basicStrokes (Bendir) / FreePats World Percussion 2020-09-05 (all others)
sesler/castanets/05.wav,41474,e4ff5d2ff0aede84328a9618e0241396ac044876f7144528a66b54976d84c332,CC0 1.0,Freesound bendir_basicStrokes (Bendir) / FreePats World Percussion 2020-09-05 (all others)
sesler/castanets/06.wav,50366,61f71f8884ff34a67b7b00a07c4c65de48c45c62844174f2fda656b6a0b5fcb2,CC0 1.0,Freesound bendir_basicStrokes (Bendir) / FreePats World Percussion 2020-09-05 (all others)
sesler/castanets/07.wav,39602,f20f8a6f58a414e88e5f0ba780252b3c900330768d7138e982dd22e669a9a98d,CC0 1.0,Freesound bendir_basicStrokes (Bendir) / FreePats World Percussion 2020-09-05 (all others)
sesler/castanets/08.wav,42596,7e6d919238b6b7f83c3db05ed7977b49249e0868db9914b23a58f662f624c76b,CC0 1.0,Freesound bendir_basicStrokes (Bendir) / FreePats World Percussion 2020-09-05 (all others)
sesler/castanets/09.wav,37817,02194007bc29557b61d9f705778ef8bd2ed47e2d81b1eceb0cad1dbf6023937c,CC0 1.0,Freesound bendir_basicStrokes (Bendir) / FreePats World Percussion 2020-09-05 (all others)
sesler/castanets/10.wav,37826,f78845ec797df3bdeb8d5fcd90bc038c2a9ee3e726f49307769fccb9f983cb41,CC0 1.0,Freesound bendir_basicStrokes (Bendir) / FreePats World Percussion 2020-09-05 (all others)
sesler/castanets/11.wav,27101,10dd2261ce99452527e1030f91ece245b2f1de6391a4b6082233283dcbb07089,CC0 1.0,Freesound bendir_basicStrokes (Bendir) / FreePats World Percussion 2020-09-05 (all others)
sesler/castanets/12.wav,37568,b15836f13fb33be5c4d7a8c7ba624d269185af607142c445151c820f376a77a6,CC0 1.0,Freesound bendir_basicStrokes (Bendir) / FreePats World Percussion 2020-09-05 (all others)
sesler/castanets/13.wav,42572,f0c6f22c029e61754c2fb03fb877cbfc640777d72476466458beda0a4d820673,CC0 1.0,Freesound bendir_basicStrokes (Bendir) / FreePats World Percussion 2020-09-05 (all others)
sesler/castanets/14.wav,41474,5db2075e3e68443557c225e01d10a16cc61c729ecb1b858e7ec7f48fd2bceec9,CC0 1.0,Freesound bendir_basicStrokes (Bendir) / FreePats World Percussion 2020-09-05 (all others)
sesler/castanets/15.wav,44177,58b0b9cc400a7f556ca8964c580d9d286f7d5309b8d5b8fe4454a13db38ed01a,CC0 1.0,Freesound bendir_basicStrokes (Bendir) / FreePats World Percussion 2020-09-05 (all others)
sesler/castanets/16.wav,37859,8e9112cac1abf29ae3c4384f19f1caaadb380a61dca2acf7d7983f42e9bdc1b5,CC0 1.0,Freesound bendir_basicStrokes (Bendir) / FreePats World Percussion 2020-09-05 (all others)
sesler/claves/01.wav,69371,e5cdc31e287f6bbb5622cad68ecc65724776994ff979d29810ce4c6ad8523e53,CC0 1.0,Freesound bendir_basicStrokes (Bendir) / FreePats World Percussion 2020-09-05 (all others)
sesler/claves/02.wav,59732,92b504d685e7fc3593f8f7c4e77b4aad0b47756d6d92025bb59985f1e66b3072,CC0 1.0,Freesound bendir_basicStrokes (Bendir) / FreePats World Percussion 2020-09-05 (all others)
sesler/claves/03.wav,57893,bc769d9fbfda80e6536508ae4a5daebc8a7ade2e3e4ac41f1eb6d0655855fd6f,CC0 1.0,Freesound bendir_basicStrokes (Bendir) / FreePats World Percussion 2020-09-05 (all others)
sesler/claves/04.wav,75833,8910c20750d33d40618b2a70a6687316f3d5dac34a724fa43728c271773b557b,CC0 1.0,Freesound bendir_basicStrokes (Bendir) / FreePats World Percussion 2020-09-05 (all others)
sesler/conga/v2_01_01.wav,68960,ac509ed9576279282c538d0367e10a90eaa9ed08f35bbfd563b414762f5340b8,CC0 1.0,Freesound bendir_basicStrokes (Bendir) / FreePats World Percussion 2020-09-05 (all others)
sesler/conga/v2_01_02.wav,68964,32b39001c2933cb8dd085603ab91d7e170e78f254d86930b1a1c5682561a22e0,CC0 1.0,Freesound bendir_basicStrokes (Bendir) / FreePats World Percussion 2020-09-05 (all others)
sesler/conga/v2_02_01.wav,65208,ab533864bf772213a535a0d030ed8e085340d28b24b289267f72e516b6cd7324,CC0 1.0,Freesound bendir_basicStrokes (Bendir) / FreePats World Percussion 2020-09-05 (all others)
sesler/conga/v2_02_02.wav,65312,3d3f2494ed2f016bd09eee1368f83ecdc02e8cc79ec48aa1cab9c1cc2e719c63,CC0 1.0,Freesound bendir_basicStrokes (Bendir) / FreePats World Percussion 2020-09-05 (all others)
sesler/conga/v3_01_01.wav,97878,d1551e908cece6c9b41baa8d22db9ac87de7814594ee6d00bbacecb1c7e0c0f8,CC0 1.0,Freesound bendir_basicStrokes (Bendir) / FreePats World Percussion 2020-09-05 (all others)
sesler/conga/v3_01_02.wav,94200,f5e4872727ca51ca20bf078f2e6b8fb42bf77c93173525307928d1b486f03f72,CC0 1.0,Freesound bendir_basicStrokes (Bendir) / FreePats World Percussion 2020-09-05 (all others)
sesler/conga/v3_02_01.wav,86200,78e799853951f66696bd1a3861e877d1911ff7f8148e57e7e36f0467d5281566,CC0 1.0,Freesound bendir_basicStrokes (Bendir) / FreePats World Percussion 2020-09-05 (all others)
sesler/conga/v3_02_02.wav,81450,77809ad7006b0504d7f3b807fb68cc9ba5b288222accf3412492f160edc017b6,CC0 1.0,Freesound bendir_basicStrokes (Bendir) / FreePats World Percussion 2020-09-05 (all others)
sesler/conga_high/v2_01_01.wav,64318,1cbd52f676b0facf9bca1475a80f8c56f9c7ccebd9023e4115f441fc16d9481c,CC0 1.0,Freesound bendir_basicStrokes (Bendir) / FreePats World Percussion 2020-09-05 (all others)
sesler/conga_high/v2_01_02.wav,63904,84a52d01f687d14daf462cd7014aabb61f804d2d4f4eb9c8ad1e26f0d76803a6,CC0 1.0,Freesound bendir_basicStrokes (Bendir) / FreePats World Percussion 2020-09-05 (all others)
sesler/conga_high/v2_02_01.wav,68468,9f480ce044c8762e1d91dc96eaf9309bd35819c1f389d2ae31c9905f2a2b82ac,CC0 1.0,Freesound bendir_basicStrokes (Bendir) / FreePats World Percussion 2020-09-05 (all others)
sesler/conga_high/v2_02_02.wav,71688,f3351fe789ddb12d91de6aab37422d571a7cc1a6eda01f98fb3a4497a91d71cf,CC0 1.0,Freesound bendir_basicStrokes (Bendir) / FreePats World Percussion 2020-09-05 (all others)
sesler/conga_high/v3_01_01.wav,68996,37d705c9bca4bab6f145aa2c977d200d0cebeeb18f62aff89da67f9c6ae36211,CC0 1.0,Freesound bendir_basicStrokes (Bendir) / FreePats World Percussion 2020-09-05 (all others)
sesler/conga_high/v3_01_02.wav,81334,f44f50c67efcbc0f72cccff43f529c24b11b0c5f83622ac071d2b6c3eb6ba190,CC0 1.0,Freesound bendir_basicStrokes (Bendir) / FreePats World Percussion 2020-09-05 (all others)
sesler/conga_high/v3_02_01.wav,68012,fddb57461f887f705f368ed7227ec221dc51c4bfe26a77be5bf010a9395d2ffb,CC0 1.0,Freesound bendir_basicStrokes (Bendir) / FreePats World Percussion 2020-09-05 (all others)
sesler/conga_high/v3_02_02.wav,71438,2929912543f8f210096139cfa78aff70c1a63ef59f962fdfad40b39202189ec5,CC0 1.0,Freesound bendir_basicStrokes (Bendir) / FreePats World Percussion 2020-09-05 (all others)
sesler/conga_low/v3_01_01.wav,63742,57a8ca72ed270a6e8c77e42960ee3f9690176c7ce1eef75ca3c1498fa5bc0b87,CC0 1.0,Freesound bendir_basicStrokes (Bendir) / FreePats World Percussion 2020-09-05 (all others)
sesler/conga_low/v3_01_02.wav,61778,e7d4eb5e99b01c370a6b9b5d210bbcb4f783984d1a4b9264e5400eb304e7f8b4,CC0 1.0,Freesound bendir_basicStrokes (Bendir) / FreePats World Percussion 2020-09-05 (all others)
sesler/conga_low/v3_02_01.wav,59468,245c47cdd8062608b8b589b864aa0da94347e390ef19772e854acd3bae44c567,CC0 1.0,Freesound bendir_basicStrokes (Bendir) / FreePats World Percussion 2020-09-05 (all others)
sesler/conga_low/v3_02_02.wav,59052,f57661b22a9b6e8fe6084738601aead34e474dc5f6bb6c0b6186cbb854f1a6b5,CC0 1.0,Freesound bendir_basicStrokes (Bendir) / FreePats World Percussion 2020-09-05 (all others)
sesler/conga_low/v4_01_01.wav,76168,32af3cd764e9c4d1c179ac5f6958530ab6da567fb895e1eaf8b268f22ff03ac4,CC0 1.0,Freesound bendir_basicStrokes (Bendir) / FreePats World Percussion 2020-09-05 (all others)
sesler/conga_low/v4_01_02.wav,76754,843398fb2f9f57301ab8ea193d11d1036d565573b9b7c269d2dae9a09a024ede,CC0 1.0,Freesound bendir_basicStrokes (Bendir) / FreePats World Percussion 2020-09-05 (all others)
sesler/conga_low_muted/v3_01_01.wav,46056,4fca4b4bf23a88c6394918f98871afa1412b116cfd30fdcb3bdcbc21ded7bb54,CC0 1.0,Freesound bendir_basicStrokes (Bendir) / FreePats World Percussion 2020-09-05 (all others)
sesler/conga_low_muted/v3_01_02.wav,45998,aa725cace7aeba2d4283f079440c8916b42fd952dd15c21e86cec583c7377253,CC0 1.0,Freesound bendir_basicStrokes (Bendir) / FreePats World Percussion 2020-09-05 (all others)
sesler/conga_low_muted/v3_02_01.wav,49090,8792c341534d617b88b739fe97f825a1f5255006236f653ae3323dd94a83bda5,CC0 1.0,Freesound bendir_basicStrokes (Bendir) / FreePats World Percussion 2020-09-05 (all others)
sesler/conga_low_muted/v3_02_02.wav,49092,a7267d2584d1600681965483e8433ce2bd451de7c5caee0fca2b2faaaa4bbf71,CC0 1.0,Freesound bendir_basicStrokes (Bendir) / FreePats World Percussion 2020-09-05 (all others)
sesler/conga_low_muted/v4_01_01.wav,62252,a90c34252f1e516e0bd4fe051811b6e34a48181d1ec1f513ef7415a0b070f959,CC0 1.0,Freesound bendir_basicStrokes (Bendir) / FreePats World Percussion 2020-09-05 (all others)
sesler/conga_low_muted/v4_01_02.wav,63328,d33a241572180775791bf09981774f1cb1ba61b5ae5fc6e1390aa67203e9f8a1,CC0 1.0,Freesound bendir_basicStrokes (Bendir) / FreePats World Percussion 2020-09-05 (all others)
sesler/conga_low_muted/v4_02_01.wav,72620,9bcb702f612ad37edc453641de4f4b9311f09aa3aedc0afc0fefcbdf9d9c7384,CC0 1.0,Freesound bendir_basicStrokes (Bendir) / FreePats World Percussion 2020-09-05 (all others)
sesler/conga_low_muted/v4_02_02.wav,68334,1accd1c370dd095a094e93b4aedc57684bcc2ef5402c6956872fa0f13e31c2c1,CC0 1.0,Freesound bendir_basicStrokes (Bendir) / FreePats World Percussion 2020-09-05 (all others)
sesler/conga_muted/High_v2_01_01.wav,50732,7645384d24ef8c80caa32078d42ade6ec6ba5249a1f7dd8db7b189f9507c49f4,CC0 1.0,Freesound bendir_basicStrokes (Bendir) / FreePats World Percussion 2020-09-05 (all others)
sesler/conga_muted/High_v2_01_02.wav,52588,ea1ed691c19368381becf94b3ac5665ff2d8ad59c4a1833216a47f0670abadd1,CC0 1.0,Freesound bendir_basicStrokes (Bendir) / FreePats World Percussion 2020-09-05 (all others)
sesler/conga_muted/High_v2_02_01.wav,58520,97a89e3fb36a784eee2ff17bd9b0f2bb8e1b4fbf66fb0d1dd9014e800d49a058,CC0 1.0,Freesound bendir_basicStrokes (Bendir) / FreePats World Percussion 2020-09-05 (all others)
sesler/conga_muted/High_v2_02_02.wav,60090,bbcaa9a12e01b3a8f5e4c489b201f2d4f962b5f6ccffeb4e6cc8f224fe36622b,CC0 1.0,Freesound bendir_basicStrokes (Bendir) / FreePats World Percussion 2020-09-05 (all others)
sesler/conga_muted/v1_02_01.wav,51748,d2077988e5d207e7da9ce20ea199a54c169f74549f2af85797d2861653de2831,CC0 1.0,Freesound bendir_basicStrokes (Bendir) / FreePats World Percussion 2020-09-05 (all others)
sesler/conga_muted/v1_02_02.wav,39450,2e4864eb5ea43a019e3dfa88405611b04291bc9a221d7016a2bf5592e3007588,CC0 1.0,Freesound bendir_basicStrokes (Bendir) / FreePats World Percussion 2020-09-05 (all others)
sesler/conga_muted/v2_02_01.wav,65662,6e3517c5c5374f5ea0bd4938489ebae362c850855251585de2e1e207042e9dad,CC0 1.0,Freesound bendir_basicStrokes (Bendir) / FreePats World Percussion 2020-09-05 (all others)
sesler/conga_muted/v2_02_02.wav,64778,e2cc3fc14d321f02ce9f8d1ad145dd67589f103d88eb8b84adacb6eebb804f5b,CC0 1.0,Freesound bendir_basicStrokes (Bendir) / FreePats World Percussion 2020-09-05 (all others)
sesler/darbuka/doom_01_01.wav,113312,34ea169398c6480cf318cc082f9bd9723c2620ddfeec12034025559024d1b0b2,CC0 1.0,Freesound bendir_basicStrokes (Bendir) / FreePats World Percussion 2020-09-05 (all others)
sesler/darbuka/doom_01_02.wav,100136,e1decd9a7974e78aadf8ed0a41bab5ffb9cc969f8c18754d0ccc8b72d55b25a7,CC0 1.0,Freesound bendir_basicStrokes (Bendir) / FreePats World Percussion 2020-09-05 (all others)
sesler/darbuka/doom_01_03.wav,113939,7aef19d91c221ff16fd4fbbc078b59483252152e7c9c8ca6222380cea27c64c1,CC0 1.0,Freesound bendir_basicStrokes (Bendir) / FreePats World Percussion 2020-09-05 (all others)
sesler/darbuka/doom_01_04.wav,105998,67a38c503057a4650f1065047c1f5beeb35e6518d955f9a37272cd126fa892bc,CC0 1.0,Freesound bendir_basicStrokes (Bendir) / FreePats World Percussion 2020-09-05 (all others)
sesler/darbuka/doom_01_05.wav,83219,2f87817f903897aebc2850129ed4380aa7d267fdedfca5f7b95c9071e901bbd1,CC0 1.0,Freesound bendir_basicStrokes (Bendir) / FreePats World Percussion 2020-09-05 (all others)
sesler/darbuka/doom_01_06.wav,139211,169b929e54adfb6860b023c98ad2a34ce529052c5af3de4e963071cc86aa2ec7,CC0 1.0,Freesound bendir_basicStrokes (Bendir) / FreePats World Percussion 2020-09-05 (all others)
sesler/darbuka/doom_01_07.wav,109130,89527f82bec91592ddc7e68cae5b63ab050e949fefcae10dc38a96361a3b9cc5,CC0 1.0,Freesound bendir_basicStrokes (Bendir) / FreePats World Percussion 2020-09-05 (all others)
sesler/darbuka/doom_01_08.wav,97847,09c73fa5264827f89ffeb2fdc6d38ced36acb86984eef562fa4a5cd279007468,CC0 1.0,Freesound bendir_basicStrokes (Bendir) / FreePats World Percussion 2020-09-05 (all others)
sesler/darbuka/doom_01_09.wav,122087,c1e4c2b68b707384a52ebb2d2ccdb0a1733edf1365dfc81ba07749e5a460b161,CC0 1.0,Freesound bendir_basicStrokes (Bendir) / FreePats World Percussion 2020-09-05 (all others)
sesler/darbuka/doom_01_10.wav,102653,022ed53585ed0e5f3bdf4a4fa0d6a79a032ee843cdef6112f6ff3adb74d469b0,CC0 1.0,Freesound bendir_basicStrokes (Bendir) / FreePats World Percussion 2020-09-05 (all others)
sesler/darbuka/doom_01_11.wav,91160,23f480dbfb04cf77fce2b8fc6cfbe3a8bc6b95bb6a4da98f2cff74423dab7fc9,CC0 1.0,Freesound bendir_basicStrokes (Bendir) / FreePats World Percussion 2020-09-05 (all others)
sesler/darbuka/doom_01_12.wav,85100,78ac6e102b0d5be7f94ff0ea19d43624cbc21865b540b9de3fd974eb29e5d74e,CC0 1.0,Freesound bendir_basicStrokes (Bendir) / FreePats World Percussion 2020-09-05 (all others)
sesler/darbuka/pa_03_01.wav,87293,678713e0d6434318730c780e7e60716fcfe0fc7add46f4f9e1469a27b05b7deb,CC0 1.0,Freesound bendir_basicStrokes (Bendir) / FreePats World Percussion 2020-09-05 (all others)
sesler/darbuka/pa_03_02.wav,43826,9c544e34d8043f6949bf829f31d70ec4500e0c59d68326e1e105ae360e58c578,CC0 1.0,Freesound bendir_basicStrokes (Bendir) / FreePats World Percussion 2020-09-05 (all others)
sesler/darbuka/pa_03_03.wav,66794,d8df6b40b7fadde2bd4f8875b6fd67f6e21c5607b27efcd66f236ba01d5ff3b2,CC0 1.0,Freesound bendir_basicStrokes (Bendir) / FreePats World Percussion 2020-09-05 (all others)
sesler/darbuka/pa_03_04.wav,85727,ddadb3c71bad0a77457ac4bd8d6a324c295fcce273b0520df1202076d92fc6ea,CC0 1.0,Freesound bendir_basicStrokes (Bendir) / FreePats World Percussion 2020-09-05 (all others)
sesler/darbuka/pa_03_05.wav,71828,6495d541ef7428cfa21e121789fa0d79e04ca0cad161f60912c9cc0fba47beb6,CC0 1.0,Freesound bendir_basicStrokes (Bendir) / FreePats World Percussion 2020-09-05 (all others)
sesler/darbuka/pa_03_07.wav,71828,f6516f0c8b6aed68bca3d78136915cd31b2736df016c01c47a236a479f639067,CC0 1.0,Freesound bendir_basicStrokes (Bendir) / FreePats World Percussion 2020-09-05 (all others)
sesler/darbuka/tak_02_01.wav,82382,f4fe249d937bc86eb0e82500af119219fdb8a4bb8e4eca421b5438f8b749b34b,CC0 1.0,Freesound bendir_basicStrokes (Bendir) / FreePats World Percussion 2020-09-05 (all others)
sesler/darbuka/tak_02_02.wav,70052,25ddd19a8b12f7213be4406909f6da28ffaa8544e1e84197c1efdd8d27b13e90,CC0 1.0,Freesound bendir_basicStrokes (Bendir) / FreePats World Percussion 2020-09-05 (all others)
sesler/darbuka/tak_02_03.wav,70157,b3a540c3a72b4946fab56d5a9a9bde9c504e98cba6240b357df10e0c5025e9f4,CC0 1.0,Freesound bendir_basicStrokes (Bendir) / FreePats World Percussion 2020-09-05 (all others)
sesler/darbuka/tak_02_04.wav,79247,f93cca75edfd42daca7f49ff62a4c5624fc0fff4466ffc7e88267b2f99bb5dbf,CC0 1.0,Freesound bendir_basicStrokes (Bendir) / FreePats World Percussion 2020-09-05 (all others)
sesler/darbuka/tak_02_05.wav,68066,7912be89d8d82b627913326fd73367e6aedb809838637ee61d04dd36978a6ae7,CC0 1.0,Freesound bendir_basicStrokes (Bendir) / FreePats World Percussion 2020-09-05 (all others)
sesler/darbuka/tak_02_06.wav,71411,e3caaac090c418abfe4a3d0e75b34d1eb24c596f7e34f08a714da268da967992,CC0 1.0,Freesound bendir_basicStrokes (Bendir) / FreePats World Percussion 2020-09-05 (all others)
sesler/darbuka/tak_02_07.wav,92204,191a72521916acd9d6019b87d49e15f5af541211e92b38ecd29a36236741da14,CC0 1.0,Freesound bendir_basicStrokes (Bendir) / FreePats World Percussion 2020-09-05 (all others)
sesler/hand_clap/01_02.wav,58139,c9d2d84cc6f4c3c9859bcd80a873397027805c6af1abd6f889943eb03dc5aa5e,CC0 1.0,Freesound bendir_basicStrokes (Bendir) / FreePats World Percussion 2020-09-05 (all others)
sesler/hand_clap/01_03.wav,45548,1e0ad1bbf0218c1ba571d590b5169845e9dcd2f9551080134d4814348f847787,CC0 1.0,Freesound bendir_basicStrokes (Bendir) / FreePats World Percussion 2020-09-05 (all others)
sesler/hand_clap/01_05.wav,53126,9507f5a18e8541694c6decbe1752aed2e72fe389128e52e740588fc8b078a5e8,CC0 1.0,Freesound bendir_basicStrokes (Bendir) / FreePats World Percussion 2020-09-05 (all others)
sesler/hand_clap/01_06.wav,46436,fde6ed4fb6bf5460aae08e0234138dc93a5f88fda972b0638d4d86f45126d970,CC0 1.0,Freesound bendir_basicStrokes (Bendir) / FreePats World Percussion 2020-09-05 (all others)
sesler/hand_clap/01_07.wav,42416,762da11a9d3ef74f8ece06b9f8feb38916b5f06b60c4034bab44cfa24ed16e4d,CC0 1.0,Freesound bendir_basicStrokes (Bendir) / FreePats World Percussion 2020-09-05 (all others)
sesler/hand_clap/01_08.wav,52916,de56d3821fbae7cb8e8caea8a82180fb52dbfa23ab826767ca40005be4ecb962,CC0 1.0,Freesound bendir_basicStrokes (Bendir) / FreePats World Percussion 2020-09-05 (all others)
sesler/hand_clap/01_09.wav,42101,5f6cb3c34c45bfe2053d028136c8ab957d15daa4773333e4beb7df54dc5364d0,CC0 1.0,Freesound bendir_basicStrokes (Bendir) / FreePats World Percussion 2020-09-05 (all others)
sesler/hand_clap/02_02.wav,38393,690ee16d2a9ee7e637ff6f2414692a7f792333b868cc1a948fd669a922ba9ae8,CC0 1.0,Freesound bendir_basicStrokes (Bendir) / FreePats World Percussion 2020-09-05 (all others)
sesler/hand_clap/02_05.wav,45026,89e3d87f84206d65488d352fbe7dc59224c1a2713085c797b2f3df79ee6bf5d7,CC0 1.0,Freesound bendir_basicStrokes (Bendir) / FreePats World Percussion 2020-09-05 (all others)
sesler/maracas/01_01.wav,53561,886c53b7e2fb529433f06a1c0b3d3ab58a5513e1720e134f6956d0591e560808,CC0 1.0,Freesound bendir_basicStrokes (Bendir) / FreePats World Percussion 2020-09-05 (all others)
sesler/maracas/01_02.wav,53438,1bfa7059d0e18788a6565b801e5e812d243923130185fc773deea789d288a6f3,CC0 1.0,Freesound bendir_basicStrokes (Bendir) / FreePats World Percussion 2020-09-05 (all others)
sesler/maracas/01_03.wav,58766,2ec55a0f13407825b508370a33b0d2637e9129887ade469cae03fac594f3b623,CC0 1.0,Freesound bendir_basicStrokes (Bendir) / FreePats World Percussion 2020-09-05 (all others)
sesler/maracas/01_04.wav,67544,856d006b8207a1cfb935b5b572e1c1173bb85172a62c023ceef951f1f54d23b5,CC0 1.0,Freesound bendir_basicStrokes (Bendir) / FreePats World Percussion 2020-09-05 (all others)
sesler/maracas/01_05.wav,53627,46c91d5fce52815f9e83d078846bdab8e5dc861af5cc743a39213a2a240ee4fd,CC0 1.0,Freesound bendir_basicStrokes (Bendir) / FreePats World Percussion 2020-09-05 (all others)
sesler/maracas/01_06.wav,39044,7c6afb3df341c1c63564be976fa4dba4ca6dbbb3ea690ba5a354c28ee07565f1,CC0 1.0,Freesound bendir_basicStrokes (Bendir) / FreePats World Percussion 2020-09-05 (all others)
sesler/maracas/01_07.wav,55412,b693e1a69e817b7f27b1201bfd92d931b0e1e939cf3ee217dbf3373b5690cc6a,CC0 1.0,Freesound bendir_basicStrokes (Bendir) / FreePats World Percussion 2020-09-05 (all others)
sesler/maracas/01_08.wav,55067,f8111cb29e5e595963be53b11773df0dad340309b55db4c4c04a5dfa29466424,CC0 1.0,Freesound bendir_basicStrokes (Bendir) / FreePats World Percussion 2020-09-05 (all others)
sesler/maracas/02_01.wav,32012,7d0ffe3281f22058ad77f66deafe9fff314f6cd5f4d151f635efe84823dac6b8,CC0 1.0,Freesound bendir_basicStrokes (Bendir) / FreePats World Percussion 2020-09-05 (all others)
sesler/maracas/02_02.wav,31877,71eb70b300d7eab6fd9d5fddb77585c99ed4e1ed4901d26ee6d76a8eb1787086,CC0 1.0,Freesound bendir_basicStrokes (Bendir) / FreePats World Percussion 2020-09-05 (all others)
sesler/maracas/02_03.wav,30431,d654e43991df098e1e6a11a182706d6fa99dc578619976f5d229ea3b216807c9,CC0 1.0,Freesound bendir_basicStrokes (Bendir) / FreePats World Percussion 2020-09-05 (all others)
sesler/maracas/02_04.wav,33131,f47892b962d07ea7abd7afc427801c6063507cb3e7548c934160f5ee8e213b98,CC0 1.0,Freesound bendir_basicStrokes (Bendir) / FreePats World Percussion 2020-09-05 (all others)
sesler/maracas/02_05.wav,35771,7dcd543ecfef497591bd89200250acfee843887b34c7b5968bb834c2068185a3,CC0 1.0,Freesound bendir_basicStrokes (Bendir) / FreePats World Percussion 2020-09-05 (all others)
sesler/maracas/02_06.wav,33638,59bd347e64ac591cf1cc8f2f4cb616ee49adc47fccc90d5b540b80f52c3716cd,CC0 1.0,Freesound bendir_basicStrokes (Bendir) / FreePats World Percussion 2020-09-05 (all others)
sesler/maracas/02_07.wav,37445,ef3eb775ed00cd92678a3afdd85b259e7853d0164f845fdee39fb4ef13e04035,CC0 1.0,Freesound bendir_basicStrokes (Bendir) / FreePats World Percussion 2020-09-05 (all others)
sesler/maracas/02_08.wav,41705,6d6d86580585857bd7a25bf4a4ca0ef2c579f42c9c0b038f2006fd9ae4846b76,CC0 1.0,Freesound bendir_basicStrokes (Bendir) / FreePats World Percussion 2020-09-05 (all others)
sesler/maracas/02_09.wav,33335,6becf372afd457a2d640c68ba76ac1cc55aaea240dfda7c3238d669de944296e,CC0 1.0,Freesound bendir_basicStrokes (Bendir) / FreePats World Percussion 2020-09-05 (all others)
sesler/maracas/02_10.wav,31055,cdd2e293920f9e87fa3efe39eb8798e536ac77f9381e8fe06aa83887d8878d12,CC0 1.0,Freesound bendir_basicStrokes (Bendir) / FreePats World Percussion 2020-09-05 (all others)
sesler/maracas/02_11.wav,32318,3c7c9a15ed94e14944a78c81c47d6d468ff861d847dac3d9025c8d223ca88e2e,CC0 1.0,Freesound bendir_basicStrokes (Bendir) / FreePats World Percussion 2020-09-05 (all others)
sesler/maracas/02_12.wav,43931,b18dd4305cab3aaf5eda587a40e80ee03d52b855fba32c47ce3b27590519bd8e,CC0 1.0,Freesound bendir_basicStrokes (Bendir) / FreePats World Percussion 2020-09-05 (all others)
sesler/shaker/fast_01.wav,39720,b3fbaad21e6226094b3c20832baae8422587e04a99f9bd17c93e4640c10189e8,CC0 1.0,Freesound bendir_basicStrokes (Bendir) / FreePats World Percussion 2020-09-05 (all others)
sesler/shaker/fast_02.wav,63768,9d2bbf4e81c270457b9842b39f39f3beab44de439c2d606c577983565edebbbe,CC0 1.0,Freesound bendir_basicStrokes (Bendir) / FreePats World Percussion 2020-09-05 (all others)
sesler/shaker/fast_03.wav,44606,4953d4d0ea801ceaac458fd870edf0100a278a4cd4d6d9825bee37e9a83a3f4e,CC0 1.0,Freesound bendir_basicStrokes (Bendir) / FreePats World Percussion 2020-09-05 (all others)
sesler/shaker/fast_04.wav,46970,c77ddde36051dd8f1bce509d5e51e98154c080c20a968cb9a34738556ecf143f,CC0 1.0,Freesound bendir_basicStrokes (Bendir) / FreePats World Percussion 2020-09-05 (all others)
sesler/shaker/fast_05.wav,35904,23ec25e775321e32a52e291e79f16403dbd78cd84c3d0b3b43542c94a2c01abf,CC0 1.0,Freesound bendir_basicStrokes (Bendir) / FreePats World Percussion 2020-09-05 (all others)
sesler/shaker/fast_06.wav,42200,2d50e35242f7671e7c3be3183e483f48baa6743a1e7dae4cd83b085543bbad5c,CC0 1.0,Freesound bendir_basicStrokes (Bendir) / FreePats World Percussion 2020-09-05 (all others)
sesler/shaker/fast_07.wav,56228,0f3184654980919470665fd4b28fe31348459779b2cd03df287a4ac4de2271bd,CC0 1.0,Freesound bendir_basicStrokes (Bendir) / FreePats World Percussion 2020-09-05 (all others)
sesler/shaker/fast_08.wav,62082,a755efe259c760c5e1aee85de1b28fe037e5ab3a0c9177c89ea57b6f3b3f10b7,CC0 1.0,Freesound bendir_basicStrokes (Bendir) / FreePats World Percussion 2020-09-05 (all others)
sesler/shaker/fast_09.wav,37352,9e0133e4c2fdcd5bf60071c35e5ba4646951a9f77bee76be40d1b6aec31edb33,CC0 1.0,Freesound bendir_basicStrokes (Bendir) / FreePats World Percussion 2020-09-05 (all others)
sesler/shaker/fast_10.wav,47714,f9164a6e329f203c642cd0a728b980d214be41e584b15970af7a91a43b207d5a,CC0 1.0,Freesound bendir_basicStrokes (Bendir) / FreePats World Percussion 2020-09-05 (all others)
sesler/shaker/fast_11.wav,68034,f3b4c85062458b565685f47b17b0189f827af81d5643165c5a45e4baec345923,CC0 1.0,Freesound bendir_basicStrokes (Bendir) / FreePats World Percussion 2020-09-05 (all others)
sesler/shaker/fast_12.wav,59036,05cd598a6627705521a6c2945107867493b8538a391922751d13372a43d8801e,CC0 1.0,Freesound bendir_basicStrokes (Bendir) / FreePats World Percussion 2020-09-05 (all others)
sesler/shaker/slow_01.wav,19836,9ac1d94ec1e947ed78adda780c5b234b1febad7635dbe4270c6937bfd6126e7f,CC0 1.0,Freesound bendir_basicStrokes (Bendir) / FreePats World Percussion 2020-09-05 (all others)
sesler/shaker/slow_02.wav,17106,153f061afa9bec7459d1aafb9c11ca26592501e3e5e6405022237e7d67476161,CC0 1.0,Freesound bendir_basicStrokes (Bendir) / FreePats World Percussion 2020-09-05 (all others)
sesler/shaker/slow_03.wav,23372,1140b9f11f01019bbf208293fdf918f717c55fd053d71e3d82dcee71cbc6ec63,CC0 1.0,Freesound bendir_basicStrokes (Bendir) / FreePats World Percussion 2020-09-05 (all others)
sesler/shaker/slow_04.wav,16464,73119f64c38e6f8fbb77ae788d0d57e31ce0bf074fa6aa6397fa44d8e5aabf55,CC0 1.0,Freesound bendir_basicStrokes (Bendir) / FreePats World Percussion 2020-09-05 (all others)
sesler/shaker/slow_05.wav,22608,74243bcabf90e98729dc5fbefa3594cdaa2226fffacc2b59494cb1d8814c7112,CC0 1.0,Freesound bendir_basicStrokes (Bendir) / FreePats World Percussion 2020-09-05 (all others)
sesler/shaker/slow_06.wav,16292,ee6d8ce97da11fa93f8035f026d5ae55f7fb3752a466a5aa7edb13bd939b410e,CC0 1.0,Freesound bendir_basicStrokes (Bendir) / FreePats World Percussion 2020-09-05 (all others)
sesler/shaker/slow_07.wav,29792,a2c88cc75a6baae74fde2814805ce30096f4ab7ac52b71959335c22e3fd86362,CC0 1.0,Freesound bendir_basicStrokes (Bendir) / FreePats World Percussion 2020-09-05 (all others)
sesler/shaker/slow_08.wav,14988,3c009e8dcf469385c2b7cdc9c824fcefd872245952bacfedb6e82909c4c5519c,CC0 1.0,Freesound bendir_basicStrokes (Bendir) / FreePats World Percussion 2020-09-05 (all others)
sesler/shaker/slow_09.wav,14292,f65f381419f872eab71e93251169866d2564fd9606cf0b3d85132ef86554473f,CC0 1.0,Freesound bendir_basicStrokes (Bendir) / FreePats World Percussion 2020-09-05 (all others)
sesler/shaker/slow_10.wav,17018,80cfa0b17db4729529d20733780f75687135bdbc45325e667e7dea9a44d5f14b,CC0 1.0,Freesound bendir_basicStrokes (Bendir) / FreePats World Percussion 2020-09-05 (all others)
sesler/shaker/slow_11.wav,19310,e46e549c88f2802f0fb742c9ae167aa367792ed9d9d0ab7291f16fc6df71205c,CC0 1.0,Freesound bendir_basicStrokes (Bendir) / FreePats World Percussion 2020-09-05 (all others)
sesler/shaker/slow_12.wav,13592,5273d942fadfc2ef9e7a91f2ca3af31ca21cfb4dbde2521ea37a054c26f00d7a,CC0 1.0,Freesound bendir_basicStrokes (Bendir) / FreePats World Percussion 2020-09-05 (all others)
sesler/shaker/slow_13.wav,16692,456254d8e67257bcd16b52be04615cf0c165244f3fd5880160afb8ba4993ebd2,CC0 1.0,Freesound bendir_basicStrokes (Bendir) / FreePats World Percussion 2020-09-05 (all others)
sesler/shaker/slow_14.wav,27368,1fd51486e3131ec55cbd5863991ce00812cb74d31b97c2de5bb6edc03c5a86fd,CC0 1.0,Freesound bendir_basicStrokes (Bendir) / FreePats World Percussion 2020-09-05 (all others)
sesler/shaker/soft_01.wav,17636,23f5501752ed6fb9c28bd216a600d71813723ba0d82b767360e85ded70e13d9d,CC0 1.0,Freesound bendir_basicStrokes (Bendir) / FreePats World Percussion 2020-09-05 (all others)
sesler/shaker/soft_02.wav,16986,4c47ac014a44347cb30e2bce41b3a42dfe3aadd0d3e79901eae09d4a0ed226b6,CC0 1.0,Freesound bendir_basicStrokes (Bendir) / FreePats World Percussion 2020-09-05 (all others)
sesler/shaker/soft_03.wav,15710,146973323b61ee84edc696ca8dec6f7cf71aee7ef1b16365db7bee437bb73248,CC0 1.0,Freesound bendir_basicStrokes (Bendir) / FreePats World Percussion 2020-09-05 (all others)
sesler/shaker/soft_04.wav,21354,84d0642c7491e3fc698a168950a99d0807695ca155aa37ff0f24f05038df9b0f,CC0 1.0,Freesound bendir_basicStrokes (Bendir) / FreePats World Percussion 2020-09-05 (all others)
sesler/shaker/soft_05.wav,18744,560190e63add823ca314bc5d0dca441fb81454a0874f10e717889f9ba18d985c,CC0 1.0,Freesound bendir_basicStrokes (Bendir) / FreePats World Percussion 2020-09-05 (all others)
sesler/shaker/soft_06.wav,23184,64d2ead7c96b37378a7486cf4410c79c60898748c2b0d15beb63a653f84fee11,CC0 1.0,Freesound bendir_basicStrokes (Bendir) / FreePats World Percussion 2020-09-05 (all others)
sesler/shaker/soft_07.wav,21966,9d825085ef5e55060e35010cebb0e66708d123c65d49f31424dec54eb522cd16,CC0 1.0,Freesound bendir_basicStrokes (Bendir) / FreePats World Percussion 2020-09-05 (all others)
sesler/shaker/soft_08.wav,18368,cb71854aa0d36aced8506a98d4405398847af4a31c0878967b54974e4fd832df,CC0 1.0,Freesound bendir_basicStrokes (Bendir) / FreePats World Percussion 2020-09-05 (all others)
sesler/shaker/soft_09.wav,20916,a499194567560fdea8464f9e861dd3d21d64db1d434064451e33b3239e81ce1a,CC0 1.0,Freesound bendir_basicStrokes (Bendir) / FreePats World Percussion 2020-09-05 (all others)
sesler/shaker/soft_10.wav,22200,5bea24167dbbbf88e726924bda0a7567261507826b795a5d2c5bd52c0e5c5991,CC0 1.0,Freesound bendir_basicStrokes (Bendir) / FreePats World Percussion 2020-09-05 (all others)
sesler/shaker/soft_11.wav,23982,085ca21378cf914c2bcfa349993e4a4e44b7da480604a092fd23d37c93872c72,CC0 1.0,Freesound bendir_basicStrokes (Bendir) / FreePats World Percussion 2020-09-05 (all others)
sesler/shaker/soft_12.wav,24048,962e85fdc4d7852be9a72739ef939325e96428614195cd0cdd1695c8f6e2aa89,CC0 1.0,Freesound bendir_basicStrokes (Bendir) / FreePats World Percussion 2020-09-05 (all others)
sesler/shaker/soft_13.wav,19040,fa1bef7ddf0f07f3e922531b999b814ca9e1ec6110869042651c68faa6556f83,CC0 1.0,Freesound bendir_basicStrokes (Bendir) / FreePats World Percussion 2020-09-05 (all others)
sesler/shaker/soft_14.wav,25692,825eb5ad0d7247966b7b1ef657820d79cf7493671161a530c5ebeef96af78460,CC0 1.0,Freesound bendir_basicStrokes (Bendir) / FreePats World Percussion 2020-09-05 (all others)
sesler/tambourine/01_01.wav,47051,6652f235ff875565ceed7b56982128b0f1a11f422a09d0d797351e79bd372179,CC0 1.0,Freesound bendir_basicStrokes (Bendir) / FreePats World Percussion 2020-09-05 (all others)
sesler/tambourine/02_01.wav,77177,1d9229133f5c02d69fc54bcc350865fb51e8578e3ec634ce0c60e2544ed15ae2,CC0 1.0,Freesound bendir_basicStrokes (Bendir) / FreePats World Percussion 2020-09-05 (all others)
sesler/tambourine/03_01.wav,86039,b5d0e502fb1ef75f5dbc12a85fb76dae3e086a359bf5337752f46b1ea7070205,CC0 1.0,Freesound bendir_basicStrokes (Bendir) / FreePats World Percussion 2020-09-05 (all others)
sesler/tambourine/04_01.wav,92207,3278610c3e6ec580a2f16f142ccba85baab97e5d285b3841d174cf381fd9117a,CC0 1.0,Freesound bendir_basicStrokes (Bendir) / FreePats World Percussion 2020-09-05 (all others)
sesler/tambourine/05.wav,86555,884678aeb79fe796ac7723013856001d69c91686a5183993c599cc76c6a00ee9,CC0 1.0,Freesound bendir_basicStrokes (Bendir) / FreePats World Percussion 2020-09-05 (all others)
sesler/tambourine/06.wav,86861,0a35eb762856fae7fca5001e1b90db6390c4f1f09efe5e4bf2e295d1d4e86c19,CC0 1.0,Freesound bendir_basicStrokes (Bendir) / FreePats World Percussion 2020-09-05 (all others)
sesler/tambourine/07.wav,96020,bd38e8d0a581f9cb98af8b141d847454ae9b85c324b09be8c7760222052ad9f7,CC0 1.0,Freesound bendir_basicStrokes (Bendir) / FreePats World Percussion 2020-09-05 (all others)
sesler/tambourine/08.wav,89486,b07f918cc2034759debb4a9e7bfc418a48857230da2458843ab1c4076953fe84,CC0 1.0,Freesound bendir_basicStrokes (Bendir) / FreePats World Percussion 2020-09-05 (all others)
sesler/tambourine/09.wav,113102,c09a53a68029bf7be29c1c54e5282118277261d482d5d16f4199155deabf81d9,CC0 1.0,Freesound bendir_basicStrokes (Bendir) / FreePats World Percussion 2020-09-05 (all others)
sesler/tambourine/10.wav,92153,4c9e2be194a89fb1031c99d6d3a60aaf29c98a48ce0705227017f493a718171b,CC0 1.0,Freesound bendir_basicStrokes (Bendir) / FreePats World Percussion 2020-09-05 (all others)
sesler/tambourine/fast_03.wav,13721,ab437f0e384634255092b23d1a8d8e0165e75ba5d96ceb0a247d8873743f3b25,CC0 1.0,Freesound bendir_basicStrokes (Bendir) / FreePats World Percussion 2020-09-05 (all others)
sesler/tambourine/fast_04.wav,12146,fb735476647acdb30686f0235c2c3017dd29db0159a9afba5db3a90b5322ffdd,CC0 1.0,Freesound bendir_basicStrokes (Bendir) / FreePats World Percussion 2020-09-05 (all others)
sesler/tambourine/fast_05.wav,12239,eeedb5e516ba9edb17af69271064c2d28ff2a3e8777297389b65399a9cb78d7f,CC0 1.0,Freesound bendir_basicStrokes (Bendir) / FreePats World Percussion 2020-09-05 (all others)
sesler/tambourine/fast_06.wav,13334,2a6f189203b2241d3110c9e8e20aade29cf987e27500729304b70143c612910c,CC0 1.0,Freesound bendir_basicStrokes (Bendir) / FreePats World Percussion 2020-09-05 (all others)
sesler/tambourine/fast_07.wav,13028,129aa54e4dc466c13bf66958d2d7fad03faa13ec790624c198f4b0041f6739d5,CC0 1.0,Freesound bendir_basicStrokes (Bendir) / FreePats World Percussion 2020-09-05 (all others)
sesler/tambourine/fast_08.wav,13472,22d493ff16508ad2b077d518d409fa8cb4b7f8159b22edb76b336a67007d4a5e,CC0 1.0,Freesound bendir_basicStrokes (Bendir) / FreePats World Percussion 2020-09-05 (all others)
sesler/tambourine/fast_09.wav,13583,80c62931194f47d2658d4a3dd584623d2e59bc6f25c84d7b092ad4be2f5d37df,CC0 1.0,Freesound bendir_basicStrokes (Bendir) / FreePats World Percussion 2020-09-05 (all others)
sesler/tambourine/fast_10.wav,11540,688ee3ce8f175f1409f625a1a4a9338d2dda544b3079802608527a91401d2e9a,CC0 1.0,Freesound bendir_basicStrokes (Bendir) / FreePats World Percussion 2020-09-05 (all others)
sesler/tambourine/fast_11.wav,13637,40bd2cef88636e6bffd6156acb4d0d509b9180e32c8f78671316a156d3b82c3b,CC0 1.0,Freesound bendir_basicStrokes (Bendir) / FreePats World Percussion 2020-09-05 (all others)
sesler/tambourine/fast_12.wav,12440,dab403b41cb83314fca9023cec8cb3f3c8e7ada1ba68a179fbb3e6cdbc2bae03,CC0 1.0,Freesound bendir_basicStrokes (Bendir) / FreePats World Percussion 2020-09-05 (all others)
sesler/tambourine/fast_13.wav,12194,23c3195585bf7f3acb07c5e120b726140f7fa415b88dbddb6cb508d0a13f944c,CC0 1.0,Freesound bendir_basicStrokes (Bendir) / FreePats World Percussion 2020-09-05 (all others)
sesler/tambourine/fast_14.wav,13379,40c3a441f2b21fb57e912f2ff1d39687f6f81a17c1038622c2a6075a38ddcaea,CC0 1.0,Freesound bendir_basicStrokes (Bendir) / FreePats World Percussion 2020-09-05 (all others)
sesler/tambourine/fast_15.wav,12470,af352eba46e94689cdd8bce36acdff66a13fb9f7f11b5afc2ba22b571e7e8ea8,CC0 1.0,Freesound bendir_basicStrokes (Bendir) / FreePats World Percussion 2020-09-05 (all others)
sesler/tambourine/fast_16.wav,13760,5653500b3b269f62ac5c220c0c96bbe2b109de772d38a87fd261bcd36d174f17,CC0 1.0,Freesound bendir_basicStrokes (Bendir) / FreePats World Percussion 2020-09-05 (all others)
